<?xml version="1.0" encoding="UTF-8"?>
<root>
  <item name="com.google.cardboard.qrcode.camera.CameraSource.Builder com.google.cardboard.qrcode.camera.CameraSource.Builder setFlashMode(java.lang.String) 0">
    <annotation name="android.support.annotation.StringDef">
      <val name="value" val="{android.hardware.Camera.Parameters.FLASH_MODE_ON, android.hardware.Camera.Parameters.FLASH_MODE_OFF, android.hardware.Camera.Parameters.FLASH_MODE_AUTO, android.hardware.Camera.Parameters.FLASH_MODE_RED_EYE, android.hardware.Camera.Parameters.FLASH_MODE_TORCH}" />
    </annotation>
  </item>
  <item name="com.google.cardboard.qrcode.camera.CameraSource.Builder com.google.cardboard.qrcode.camera.CameraSource.Builder setFocusMode(java.lang.String) 0">
    <annotation name="android.support.annotation.StringDef">
      <val name="value" val="{android.hardware.Camera.Parameters.FOCUS_MODE_CONTINUOUS_PICTURE, android.hardware.Camera.Parameters.FOCUS_MODE_CONTINUOUS_VIDEO, android.hardware.Camera.Parameters.FOCUS_MODE_AUTO, android.hardware.Camera.Parameters.FOCUS_MODE_EDOF, android.hardware.Camera.Parameters.FOCUS_MODE_FIXED, android.hardware.Camera.Parameters.FOCUS_MODE_INFINITY, android.hardware.Camera.Parameters.FOCUS_MODE_MACRO}" />
    </annotation>
  </item>
</root>

